<?xml version="1.0" encoding="UTF-8"?>
<GenRun Id="impl_1" LaunchPart="xc7a100tcsg324-1" LaunchTime="1703240147">
  <File Type="ROUTE-PWR" Name="TOP_power_routed.rpt"/>
  <File Type="PA-TCL" Name="TOP.tcl"/>
  <File Type="ROUTE-PWR-SUM" Name="TOP_power_summary_routed.pb"/>
  <File Type="REPORTS-TCL" Name="TOP_reports.tcl"/>
  <File Type="BITSTR-MSK" Name="TOP.msk"/>
  <File Type="ROUTE-CLK" Name="TOP_clock_utilization_routed.rpt"/>
  <File Type="RDI-RDI" Name="TOP.vdi"/>
  <File Type="POSTROUTE-PHYSOPT-BUS-SKEW-PB" Name="TOP_bus_skew_postroute_physopted.pb"/>
  <File Type="BG-BIT" Name="TOP.bit"/>
  <File Type="BG-DRC" Name="TOP.drc"/>
  <File Type="BG-BGN" Name="TOP.bgn"/>
  <File Type="BG-BIN" Name="TOP.bin"/>
  <File Type="BITSTR-RBT" Name="TOP.rbt"/>
  <File Type="BITSTR-NKY" Name="TOP.nky"/>
  <File Type="BITSTR-BMM" Name="TOP_bd.bmm"/>
  <File Type="BITSTR-MMI" Name="TOP.mmi"/>
  <File Type="ROUTE-METHODOLOGY-DRC" Name="TOP_methodology_drc_routed.rpt"/>
  <File Type="BITSTR-SYSDEF" Name="TOP.sysdef"/>
  <File Type="ROUTE-METHODOLOGY-DRC-PB" Name="TOP_methodology_drc_routed.pb"/>
  <File Type="BITSTR-LTX" Name="debug_nets.ltx"/>
  <File Type="BITSTR-LTX" Name="TOP.ltx"/>
  <File Type="BOOT-PDI-FILE" Name="TOP_soc.pdi"/>
  <File Type="WBT-USG" Name="usage_statistics_webtalk.html"/>
  <File Type="NPI_FILE" Name="TOP.npi"/>
  <File Type="OPT-DRC" Name="TOP_drc_opted.rpt"/>
  <File Type="RBD_FILE" Name="TOP.rbd"/>
  <File Type="OPT-HWDEF" Name="TOP.hwdef"/>
  <File Type="PLACE-IO" Name="TOP_io_placed.rpt"/>
  <File Type="PLACE-UTIL" Name="TOP_utilization_placed.rpt"/>
  <File Type="PLACE-UTIL-PB" Name="TOP_utilization_placed.pb"/>
  <File Type="PLACE-CTRL" Name="TOP_control_sets_placed.rpt"/>
  <File Type="PLACE-PRE-SIMILARITY" Name="TOP_incremental_reuse_pre_placed.rpt"/>
  <File Type="ROUTE-DRC" Name="TOP_drc_routed.rpt"/>
  <File Type="ROUTE-DRC-PB" Name="TOP_drc_routed.pb"/>
  <File Type="ROUTE-PWR-RPX" Name="TOP_power_routed.rpx"/>
  <File Type="ROUTE-STATUS" Name="TOP_route_status.rpt"/>
  <File Type="ROUTE-STATUS-PB" Name="TOP_route_status.pb"/>
  <File Type="ROUTE-DCP" Name="TOP_routed.dcp"/>
  <File Type="ROUTE-ERROR-DCP" Name="TOP_routed_error.dcp"/>
  <File Type="ROUTE-BLACKBOX-DCP" Name="TOP_routed_bb.dcp"/>
  <File Type="ROUTE-TIMINGSUMMARY" Name="TOP_timing_summary_routed.rpt"/>
  <File Type="ROUTE-TIMING-PB" Name="TOP_timing_summary_routed.pb"/>
  <File Type="ROUTE-TIMING-RPX" Name="TOP_timing_summary_routed.rpx"/>
  <File Type="ROUTE-SIMILARITY" Name="TOP_incremental_reuse_routed.rpt"/>
  <File Type="ROUTE-BUS-SKEW" Name="TOP_bus_skew_routed.rpt"/>
  <File Type="ROUTE-BUS-SKEW-PB" Name="TOP_bus_skew_routed.pb"/>
  <File Type="ROUTE-BUS-SKEW-RPX" Name="TOP_bus_skew_routed.rpx"/>
  <File Type="OPT-DCP" Name="TOP_opt.dcp"/>
  <File Type="PLACE-DCP" Name="TOP_placed.dcp"/>
  <File Type="PWROPT-DCP" Name="TOP_pwropt.dcp"/>
  <File Type="POSTPLACE-PWROPT-DCP" Name="TOP_postplace_pwropt.dcp"/>
  <File Type="PHYSOPT-DCP" Name="TOP_physopt.dcp"/>
  <File Type="POSTROUTE-PHYSOPT-DCP" Name="TOP_postroute_physopt.dcp"/>
  <File Type="POSTROUTE-PHYSOPT-BLACKBOX-DCP" Name="TOP_postroute_physopt_bb.dcp"/>
  <File Type="POSTROUTE-PHYSOPT-TIMING" Name="TOP_timing_summary_postroute_physopted.rpt"/>
  <File Type="POSTROUTE-PHYSOPT-TIMING-PB" Name="TOP_timing_summary_postroute_physopted.pb"/>
  <File Type="POSTROUTE-PHYSOPT-TIMING-RPX" Name="TOP_timing_summary_postroute_physopted.rpx"/>
  <File Type="POSTROUTE-PHYSOPT-BUS-SKEW" Name="TOP_bus_skew_postroute_physopted.rpt"/>
  <File Type="POSTROUTE-PHYSOPT-BUS-SKEW-RPX" Name="TOP_bus_skew_postroute_physopted.rpx"/>
  <File Type="ROUTE-DRC-RPX" Name="TOP_drc_routed.rpx"/>
  <File Type="ROUTE-METHODOLOGY-DRC-RPX" Name="TOP_methodology_drc_routed.rpx"/>
  <File Type="PDI-FILE" Name="TOP.pdi"/>
  <File Type="PL-PDI-FILE" Name="TOP_pld.pdi"/>
  <File Type="RCFI_FILE" Name="TOP.rcfi"/>
  <File Type="CFI_FILE" Name="TOP.cfi"/>
  <File Type="RNPI_FILE" Name="TOP.rnpi"/>
  <File Type="ROUTE-RQS" Name="TOP_routed.rqs"/>
  <File Type="POSTROUTE-PHYSOPT-RQS" Name="TOP_postroute_physopted.rqs"/>
  <File Type="ROUTE-RQS-RPT" Name="route_report_qor_suggestions_0.rpt"/>
  <File Type="POSTROUTE-PHYSOPT-RQS-RPT" Name="postroute_physopt_report_qor_suggestions_0.rpt"/>
  <FileSet Name="sources" Type="DesignSrcs" RelSrcDir="$PSRCDIR/sources_1" RelGenDir="$PGENDIR/sources_1">
    <Filter Type="Srcs"/>
    <File Path="$PSRCDIR/sources_1/new/Contador.vhd">
      <FileInfo>
        <Attr Name="UsedIn" Val="synthesis"/>
        <Attr Name="UsedIn" Val="simulation"/>
      </FileInfo>
    </File>
    <File Path="$PSRCDIR/sources_1/new/Demux.vhd">
      <FileInfo>
        <Attr Name="UsedIn" Val="synthesis"/>
        <Attr Name="UsedIn" Val="simulation"/>
      </FileInfo>
    </File>
    <File Path="$PSRCDIR/sources_1/new/Displays.vhd">
      <FileInfo>
        <Attr Name="UsedIn" Val="synthesis"/>
        <Attr Name="UsedIn" Val="simulation"/>
      </FileInfo>
    </File>
    <File Path="$PSRCDIR/sources_1/new/Entradas.vhd">
      <FileInfo>
        <Attr Name="UsedIn" Val="synthesis"/>
        <Attr Name="UsedIn" Val="simulation"/>
      </FileInfo>
    </File>
    <File Path="$PSRCDIR/sources_1/new/FLANCO.vhd">
      <FileInfo>
        <Attr Name="UsedIn" Val="synthesis"/>
        <Attr Name="UsedIn" Val="simulation"/>
      </FileInfo>
    </File>
    <File Path="$PSRCDIR/sources_1/new/Inverso.vhd">
      <FileInfo>
        <Attr Name="UsedIn" Val="synthesis"/>
        <Attr Name="UsedIn" Val="simulation"/>
      </FileInfo>
    </File>
    <File Path="$PSRCDIR/sources_1/new/MaquinaEstados.vhd">
      <FileInfo>
        <Attr Name="UsedIn" Val="synthesis"/>
        <Attr Name="UsedIn" Val="simulation"/>
      </FileInfo>
    </File>
    <File Path="$PSRCDIR/sources_1/new/SINCRONIZADOR.vhd">
      <FileInfo>
        <Attr Name="UsedIn" Val="synthesis"/>
        <Attr Name="UsedIn" Val="simulation"/>
      </FileInfo>
    </File>
    <File Path="$PSRCDIR/sources_1/new/clk10khz.vhd">
      <FileInfo>
        <Attr Name="UsedIn" Val="synthesis"/>
        <Attr Name="UsedIn" Val="simulation"/>
      </FileInfo>
    </File>
    <File Path="$PSRCDIR/sources_1/new/clk1hz.vhd">
      <FileInfo>
        <Attr Name="UsedIn" Val="synthesis"/>
        <Attr Name="UsedIn" Val="simulation"/>
      </FileInfo>
    </File>
    <File Path="$PSRCDIR/sources_1/new/deco.vhd">
      <FileInfo>
        <Attr Name="UsedIn" Val="synthesis"/>
        <Attr Name="UsedIn" Val="simulation"/>
      </FileInfo>
    </File>
    <File Path="$PSRCDIR/sources_1/new/TOP.vhd">
      <FileInfo>
        <Attr Name="UsedIn" Val="synthesis"/>
        <Attr Name="UsedIn" Val="simulation"/>
      </FileInfo>
    </File>
    <Config>
      <Option Name="DesignMode" Val="RTL"/>
      <Option Name="TopModule" Val="TOP"/>
      <Option Name="TopAutoSet" Val="TRUE"/>
    </Config>
  </FileSet>
  <FileSet Name="constrs_in" Type="Constrs" RelSrcDir="$PSRCDIR/constrs_1" RelGenDir="$PGENDIR/constrs_1">
    <Filter Type="Constrs"/>
    <File Path="$PSRCDIR/constrs_1/imports/PRACTICAS SED/Nexys-4-DDR-Master.xdc">
      <FileInfo>
        <Attr Name="ImportPath" Val="$PPRDIR/../Nexys-4-DDR-Master.xdc"/>
        <Attr Name="ImportTime" Val="1696863431"/>
        <Attr Name="UsedIn" Val="synthesis"/>
        <Attr Name="UsedIn" Val="implementation"/>
      </FileInfo>
    </File>
    <Config>
      <Option Name="ConstrsType" Val="XDC"/>
    </Config>
  </FileSet>
  <FileSet Name="utils" Type="Utils" RelSrcDir="$PSRCDIR/utils_1" RelGenDir="$PGENDIR/utils_1">
    <Filter Type="Utils"/>
    <File Path="$PSRCDIR/utils_1/imports/synth_1/TOP.dcp">
      <FileInfo>
        <Attr Name="UsedIn" Val="synthesis"/>
        <Attr Name="UsedIn" Val="implementation"/>
        <Attr Name="UsedInSteps" Val="synth_1"/>
        <Attr Name="AutoDcp" Val="1"/>
      </FileInfo>
    </File>
    <Config>
      <Option Name="TopAutoSet" Val="TRUE"/>
    </Config>
  </FileSet>
  <Strategy Version="1" Minor="2">
    <StratHandle Name="Vivado Implementation Defaults" Flow="Vivado Implementation 2023"/>
    <Step Id="init_design"/>
    <Step Id="opt_design"/>
    <Step Id="power_opt_design"/>
    <Step Id="place_design"/>
    <Step Id="post_place_power_opt_design"/>
    <Step Id="phys_opt_design"/>
    <Step Id="route_design"/>
    <Step Id="post_route_phys_opt_design"/>
    <Step Id="write_bitstream"/>
    <Step Id="write_device_image"/>
  </Strategy>
</GenRun>
